STATION,DATE,TEMP,MAX,MIN,Celsius
RPM00098646,2017-01-01,79.70,86.00,,26
RPM00098646,2017-01-02,79.88,85.64,,27
RPM00098646,2017-01-03,82.40,88.52,76.64,28
RPM00098646,2017-01-04,82.04,89.24,,28
RPM00098646,2017-01-05,81.32,88.52,77.00,27
RPM00098646,2017-01-06,80.42,86.00,,27
RPM00098646,2017-01-07,79.88,84.56,76.10,27
RPM00098646,2017-01-08,77.90,79.16,76.28,26
RPM00098646,2017-01-09,78.98,83.30,75.92,26
RPM00098646,2017-01-10,77.72,,75.92,25
RPM00098646,2017-01-11,76.28,,,25
RPM00098646,2017-01-12,78.98,86.72,,26
RPM00098646,2017-01-13,78.44,86.00,74.48,26
RPM00098646,2017-01-14,78.08,80.60,75.56,26
RPM00098646,2017-01-15,80.60,86.00,76.46,27
RPM00098646,2017-01-16,75.92,77.54,,24
RPM00098646,2017-01-17,77.54,80.78,74.66,25
RPM00098646,2017-01-18,78.62,84.20,74.48,26
RPM00098646,2017-01-19,77.54,,,25
RPM00098646,2017-01-20,80.78,86.36,74.66,27
RPM00098646,2017-01-21,80.42,86.36,76.10,27
RPM00098646,2017-01-22,80.96,,76.64,27
RPM00098646,2017-01-23,81.14,86.72,,27
RPM00098646,2017-01-24,81.14,86.36,75.92,27
RPM00098646,2017-01-25,80.42,86.90,,27
RPM00098646,2017-01-26,79.88,86.00,,27
RPM00098646,2017-01-27,80.42,86.90,75.02,27
RPM00098646,2017-01-28,78.62,,,26
RPM00098646,2017-01-29,80.96,86.90,75.20,27
RPM00098646,2017-01-30,81.86,88.88,76.28,28
RPM00098646,2017-01-31,82.22,,77.00,28
RPM00098646,2017-02-01,78.44,86.00,,26
RPM00098646,2017-02-02,81.68,89.60,76.28,28
RPM00098646,2017-02-03,78.44,83.30,,26
RPM00098646,2017-02-04,79.88,85.10,75.02,27
RPM00098646,2017-02-05,81.14,86.90,75.20,27
RPM00098646,2017-02-06,80.24,,,27
RPM00098646,2017-02-07,80.78,,74.84,27
RPM00098646,2017-02-08,81.50,,,28
RPM00098646,2017-02-09,80.78,87.44,,27
RPM00098646,2017-02-10,79.16,85.64,,26
RPM00098646,2017-02-11,79.70,86.36,74.48,26
RPM00098646,2017-02-12,78.80,86.00,,26
RPM00098646,2017-02-13,78.98,84.92,73.40,26
RPM00098646,2017-02-14,79.16,85.28,73.76,26
RPM00098646,2017-02-15,79.88,85.64,,27
RPM00098646,2017-02-16,75.92,79.16,,24
RPM00098646,2017-02-17,80.06,85.64,73.22,27
RPM00098646,2017-02-18,80.78,87.08,76.64,27
RPM00098646,2017-02-19,79.88,85.28,,27
RPM00098646,2017-02-20,77.54,81.50,,25
RPM00098646,2017-02-21,80.96,86.00,,27
RPM00098646,2017-02-22,80.06,85.82,75.92,27
RPM00098646,2017-02-23,78.44,86.36,,26
RPM00098646,2017-02-24,79.70,85.64,,26
RPM00098646,2017-02-25,80.96,88.16,73.40,27
RPM00098646,2017-02-26,82.04,,75.20,28
RPM00098646,2017-02-27,81.50,86.00,,28
RPM00098646,2017-02-28,80.96,88.52,,27
RPM00098646,2017-03-01,81.50,87.80,75.20,28
RPM00098646,2017-03-02,81.68,88.70,76.82,28
RPM00098646,2017-03-03,80.96,88.34,,27
RPM00098646,2017-03-04,81.32,88.70,75.56,27
RPM00098646,2017-03-05,82.04,,76.46,28
RPM00098646,2017-03-06,80.06,84.20,77.00,27
RPM00098646,2017-03-07,79.88,86.18,,27
RPM00098646,2017-03-08,79.88,87.80,,27
RPM00098646,2017-03-09,78.62,82.40,73.76,26
RPM00098646,2017-03-10,81.50,87.80,74.48,28
RPM00098646,2017-03-11,79.34,84.20,76.64,26
RPM00098646,2017-03-12,80.96,86.90,,27
RPM00098646,2017-03-13,80.78,86.36,75.92,27
RPM00098646,2017-03-14,82.58,,75.20,28
RPM00098646,2017-03-15,81.32,88.88,,27
RPM00098646,2017-03-16,78.98,85.28,,26
RPM00098646,2017-03-17,81.32,87.80,74.48,27
RPM00098646,2017-03-18,80.24,86.54,,27
RPM00098646,2017-03-19,81.68,87.80,73.94,28
RPM00098646,2017-03-20,78.62,83.30,,26
RPM00098646,2017-03-21,81.86,,75.56,28
RPM00098646,2017-03-22,82.94,90.32,,28
RPM00098646,2017-03-23,82.94,90.32,75.20,28
RPM00098646,2017-03-24,83.84,,76.64,29
RPM00098646,2017-03-25,84.02,91.04,,29
RPM00098646,2017-03-26,83.48,90.68,77.18,29
RPM00098646,2017-03-27,82.76,88.70,78.44,28
RPM00098646,2017-03-28,80.24,85.28,,27
RPM00098646,2017-03-29,82.22,88.16,75.92,28
RPM00098646,2017-03-30,79.34,85.10,,26
RPM00098646,2017-03-31,78.08,81.50,75.92,26
RPM00098646,2017-04-01,81.86,,76.10,28
RPM00098646,2017-04-02,81.68,88.16,,28
RPM00098646,2017-04-03,78.62,86.54,,26
RPM00098646,2017-04-04,76.46,77.54,74.84,25
RPM00098646,2017-04-05,80.96,,74.84,27
RPM00098646,2017-04-06,80.24,84.56,76.28,27
RPM00098646,2017-04-07,81.50,,,28
RPM00098646,2017-04-08,82.58,88.70,77.00,28
RPM00098646,2017-04-09,81.86,88.52,,28
RPM00098646,2017-04-10,81.32,89.42,,27
RPM00098646,2017-04-11,83.12,89.96,74.84,28
RPM00098646,2017-04-12,83.48,,77.00,29
RPM00098646,2017-04-13,84.38,91.04,78.08,29
RPM00098646,2017-04-14,84.02,90.50,79.16,29
RPM00098646,2017-04-15,82.04,88.70,,28
RPM00098646,2017-04-16,79.16,83.30,,26
RPM00098646,2017-04-17,83.12,,75.92,28
RPM00098646,2017-04-18,82.58,90.14,75.74,28
RPM00098646,2017-04-19,83.48,89.60,75.56,29
RPM00098646,2017-04-20,83.84,89.96,77.00,29
RPM00098646,2017-04-21,83.66,,78.08,29
RPM00098646,2017-04-22,84.02,,78.08,29
RPM00098646,2017-04-23,84.02,91.04,78.44,29
RPM00098646,2017-04-24,84.38,90.32,78.08,29
RPM00098646,2017-04-25,83.84,89.60,77.72,29
RPM00098646,2017-04-26,84.56,89.96,,29
RPM00098646,2017-04-27,82.58,89.96,,28
RPM00098646,2017-04-28,83.12,89.60,75.92,28
RPM00098646,2017-04-29,84.20,91.58,76.46,29
RPM00098646,2017-04-30,84.38,91.94,78.44,29
RPM00098646,2017-05-01,85.10,92.30,78.08,29
RPM00098646,2017-05-02,86.00,94.10,79.16,30
RPM00098646,2017-05-03,82.58,92.30,,28
RPM00098646,2017-05-04,84.92,90.32,74.30,29
RPM00098646,2017-05-05,85.46,90.68,79.88,30
RPM00098646,2017-05-06,85.46,89.78,80.60,30
RPM00098646,2017-05-07,81.14,86.90,,27
RPM00098646,2017-05-08,84.20,89.42,77.00,29
RPM00098646,2017-05-09,82.94,90.32,,28
RPM00098646,2017-05-10,83.48,89.60,77.00,29
RPM00098646,2017-05-11,82.76,87.80,78.80,28
RPM00098646,2017-05-12,82.04,86.72,,28
RPM00098646,2017-05-13,82.76,88.34,78.26,28
RPM00098646,2017-05-14,84.74,89.96,79.52,29
RPM00098646,2017-05-15,83.84,89.96,,29
RPM00098646,2017-05-16,84.02,90.50,,29
RPM00098646,2017-05-17,84.56,,77.54,29
RPM00098646,2017-05-18,85.10,91.94,77.72,29
RPM00098646,2017-05-19,86.00,92.66,79.70,30
RPM00098646,2017-05-20,83.84,91.22,,29
RPM00098646,2017-05-21,85.46,93.20,76.82,30
RPM00098646,2017-05-22,82.94,89.78,,28
RPM00098646,2017-05-23,83.66,92.12,78.80,29
RPM00098646,2017-05-24,84.38,92.48,,29
RPM00098646,2017-05-25,83.66,91.40,78.80,29
RPM00098646,2017-05-26,84.20,92.30,79.16,29
RPM00098646,2017-05-27,85.46,91.58,79.52,30
RPM00098646,2017-05-28,85.46,,,30
RPM00098646,2017-05-29,86.18,91.94,,30
RPM00098646,2017-05-30,85.64,92.48,,30
RPM00098646,2017-05-31,84.74,92.48,,29
RPM00098646,2017-06-01,85.46,92.66,,30
RPM00098646,2017-06-02,86.00,93.56,78.80,30
RPM00098646,2017-06-03,86.00,94.46,,30
RPM00098646,2017-06-04,86.36,96.44,,30
RPM00098646,2017-06-05,82.94,,,28
RPM00098646,2017-06-06,82.58,,75.92,28
RPM00098646,2017-06-07,83.48,,76.64,29
RPM00098646,2017-06-08,79.52,84.20,,26
RPM00098646,2017-06-09,80.78,85.28,75.02,27
RPM00098646,2017-06-10,83.48,90.50,78.08,29
RPM00098646,2017-06-11,84.92,92.30,78.44,29
RPM00098646,2017-06-12,83.12,90.50,78.08,28
RPM00098646,2017-06-13,84.74,91.76,78.44,29
RPM00098646,2017-06-14,85.10,,,29
RPM00098646,2017-06-15,85.28,,,30
RPM00098646,2017-06-16,84.74,91.04,,29
RPM00098646,2017-06-17,83.84,90.14,,29
RPM00098646,2017-06-18,84.20,90.32,75.38,29
RPM00098646,2017-06-19,84.56,90.50,77.00,29
RPM00098646,2017-06-20,83.48,91.04,77.72,29
RPM00098646,2017-06-21,82.58,90.68,,28
RPM00098646,2017-06-22,83.48,90.32,75.02,29
RPM00098646,2017-06-23,83.84,,,29
RPM00098646,2017-06-24,81.86,87.80,,28
RPM00098646,2017-06-25,85.10,,77.36,29
RPM00098646,2017-06-26,83.48,91.04,,29
RPM00098646,2017-06-27,83.48,91.40,,29
RPM00098646,2017-06-28,81.86,89.78,,28
RPM00098646,2017-06-29,83.84,92.30,75.92,29
RPM00098646,2017-06-30,81.50,88.52,,28
RPM00098646,2017-07-01,81.14,88.88,,27
RPM00098646,2017-07-02,80.42,87.80,76.28,27
RPM00098646,2017-07-03,80.78,86.36,75.92,27
RPM00098646,2017-07-04,81.14,88.88,75.92,27
RPM00098646,2017-07-05,83.30,89.78,77.00,28
RPM00098646,2017-07-06,82.58,,,28
RPM00098646,2017-07-07,81.68,86.18,75.38,28
RPM00098646,2017-07-08,81.68,89.60,,28
RPM00098646,2017-07-09,80.96,88.16,,27
RPM00098646,2017-07-10,81.86,,76.28,28
RPM00098646,2017-07-11,80.06,,77.00,27
RPM00098646,2017-07-12,81.50,88.16,76.82,28
RPM00098646,2017-07-13,81.32,,74.66,27
RPM00098646,2017-07-14,80.96,87.08,76.82,27
RPM00098646,2017-07-15,79.34,85.28,76.46,26
RPM00098646,2017-07-16,81.86,88.70,75.74,28
RPM00098646,2017-07-17,83.48,,75.92,29
RPM00098646,2017-07-18,81.32,88.88,,27
RPM00098646,2017-07-19,81.32,88.52,73.76,27
RPM00098646,2017-07-20,82.40,90.14,75.02,28
RPM00098646,2017-07-21,80.42,89.60,,27
RPM00098646,2017-07-22,80.06,88.34,,27
RPM00098646,2017-07-23,78.62,,74.84,26
RPM00098646,2017-07-24,83.48,,,29
RPM00098646,2017-07-25,82.40,,75.92,28
RPM00098646,2017-07-26,83.84,89.78,78.08,29
RPM00098646,2017-07-27,84.56,,78.62,29
RPM00098646,2017-07-28,85.64,93.20,79.70,30
RPM00098646,2017-07-29,85.46,92.84,77.90,30
RPM00098646,2017-07-30,85.28,91.76,79.70,30
RPM00098646,2017-07-31,86.18,93.02,80.24,30
RPM00098646,2017-08-01,85.46,92.12,80.24,30
RPM00098646,2017-08-02,84.74,91.40,,29
RPM00098646,2017-08-03,84.02,91.04,,29
RPM00098646,2017-08-04,82.04,90.68,,28
RPM00098646,2017-08-05,84.92,92.12,77.00,29
RPM00098646,2017-08-06,83.84,,,29
RPM00098646,2017-08-07,82.58,91.76,,28
RPM00098646,2017-08-08,83.84,91.40,75.92,29
RPM00098646,2017-08-09,84.02,92.84,76.10,29
RPM00098646,2017-08-10,84.02,92.84,76.64,29
RPM00098646,2017-08-11,84.02,,76.64,29
RPM00098646,2017-08-12,83.66,92.12,77.90,29
RPM00098646,2017-08-13,83.48,,77.72,29
RPM00098646,2017-08-14,83.84,,,29
RPM00098646,2017-08-15,83.48,88.34,76.64,29
RPM00098646,2017-08-16,81.32,86.18,76.10,27
RPM00098646,2017-08-17,82.22,88.34,,28
RPM00098646,2017-08-18,82.58,91.76,76.64,28
RPM00098646,2017-08-19,82.40,86.54,75.20,28
RPM00098646,2017-08-20,82.04,89.78,77.00,28
RPM00098646,2017-08-21,81.68,89.06,77.00,28
RPM00098646,2017-08-22,84.02,91.22,77.72,29
RPM00098646,2017-08-23,82.76,,,28
RPM00098646,2017-08-24,80.06,87.08,75.20,27
RPM00098646,2017-08-25,81.14,88.34,75.20,27
RPM00098646,2017-08-26,82.76,91.40,76.28,28
RPM00098646,2017-08-27,83.12,89.78,76.64,28
RPM00098646,2017-08-28,81.86,87.44,,28
RPM00098646,2017-08-29,83.66,,75.92,29
RPM00098646,2017-08-30,84.56,91.40,77.36,29
RPM00098646,2017-08-31,84.56,91.40,,29
RPM00098646,2017-09-01,84.74,91.04,78.80,29
RPM00098646,2017-09-02,84.56,93.38,,29
RPM00098646,2017-09-03,84.38,92.66,78.80,29
RPM00098646,2017-09-04,83.66,90.50,78.80,29
RPM00098646,2017-09-05,82.94,92.84,,28
RPM00098646,2017-09-06,83.84,91.58,75.02,29
RPM00098646,2017-09-07,84.92,91.40,75.38,29
RPM00098646,2017-09-08,83.66,90.68,,29
RPM00098646,2017-09-09,81.68,,76.10,28
RPM00098646,2017-09-10,81.14,,77.00,27
RPM00098646,2017-09-11,82.22,89.60,,28
RPM00098646,2017-09-12,84.74,90.32,78.80,29
RPM00098646,2017-09-13,82.94,91.04,,28
RPM00098646,2017-09-14,83.30,89.78,,28
RPM00098646,2017-09-15,81.68,89.60,77.00,28
RPM00098646,2017-09-16,82.04,90.86,,28
RPM00098646,2017-09-17,82.58,89.78,73.58,28
RPM00098646,2017-09-18,82.22,89.06,77.72,28
RPM00098646,2017-09-19,80.96,90.68,,27
RPM00098646,2017-09-20,80.96,87.98,75.56,27
RPM00098646,2017-09-21,80.42,89.60,75.92,27
RPM00098646,2017-09-22,79.16,89.24,,26
RPM00098646,2017-09-23,81.14,,75.20,27
RPM00098646,2017-09-24,81.68,88.16,76.10,28
RPM00098646,2017-09-25,77.54,83.48,74.48,25
RPM00098646,2017-09-26,82.58,90.32,,28
RPM00098646,2017-09-27,83.12,90.32,,28
RPM00098646,2017-09-28,81.86,88.70,76.28,28
RPM00098646,2017-09-29,79.88,,,27
RPM00098646,2017-09-30,81.50,87.98,75.56,28
RPM00098646,2017-10-01,83.48,,,29
RPM00098646,2017-10-02,82.58,90.32,,28
RPM00098646,2017-10-03,82.22,89.96,,28
RPM00098646,2017-10-04,82.58,88.16,77.00,28
RPM00098646,2017-10-05,83.48,90.32,76.64,29
RPM00098646,2017-10-06,81.68,88.88,,28
RPM00098646,2017-10-07,82.58,90.86,76.28,28
RPM00098646,2017-10-08,83.12,,77.36,28
RPM00098646,2017-10-09,82.58,90.14,77.72,28
RPM00098646,2017-10-10,83.30,89.96,76.28,28
RPM00098646,2017-10-11,85.64,92.84,78.08,30
RPM00098646,2017-10-12,82.94,,78.80,28
RPM00098646,2017-10-13,82.94,87.80,80.24,28
RPM00098646,2017-10-14,82.22,89.60,78.44,28
RPM00098646,2017-10-15,80.96,,,27
RPM00098646,2017-10-16,80.42,,,27
RPM00098646,2017-10-17,81.50,89.60,75.20,28
RPM00098646,2017-10-18,80.78,87.08,,27
RPM00098646,2017-10-19,79.88,82.76,76.28,27
RPM00098646,2017-10-20,81.86,85.10,76.82,28
RPM00098646,2017-10-21,82.58,,78.44,28
RPM00098646,2017-10-22,83.48,,,29
RPM00098646,2017-10-23,82.94,89.60,75.92,28
RPM00098646,2017-10-24,82.76,87.80,,28
RPM00098646,2017-10-25,80.60,86.54,,27
RPM00098646,2017-10-26,82.58,88.16,74.48,28
RPM00098646,2017-10-27,82.04,89.06,76.64,28
RPM00098646,2017-10-28,81.14,89.06,76.28,27
RPM00098646,2017-10-29,82.04,88.52,75.56,28
RPM00098646,2017-10-30,82.22,88.16,75.92,28
RPM00098646,2017-10-31,78.08,80.60,,26
RPM00098646,2017-11-01,81.14,88.16,76.46,27
RPM00098646,2017-11-02,83.48,,76.64,29
RPM00098646,2017-11-03,82.94,89.24,,28
RPM00098646,2017-11-04,83.84,88.88,77.18,29
RPM00098646,2017-11-05,84.74,89.06,80.24,29
RPM00098646,2017-11-06,83.12,88.70,,28
RPM00098646,2017-11-07,80.42,86.36,78.44,27
RPM00098646,2017-11-08,82.76,88.88,,28
RPM00098646,2017-11-09,82.22,88.70,77.72,28
RPM00098646,2017-11-10,83.48,,77.36,29
RPM00098646,2017-11-11,81.32,89.24,,27
RPM00098646,2017-11-12,80.78,88.16,,27
RPM00098646,2017-11-13,83.66,,77.54,29
RPM00098646,2017-11-14,83.48,90.32,,29
RPM00098646,2017-11-15,83.66,89.78,,29
RPM00098646,2017-11-16,79.88,85.82,,27
RPM00098646,2017-11-17,81.14,86.18,,27
RPM00098646,2017-11-18,82.04,88.88,76.64,28
RPM00098646,2017-11-19,83.66,88.70,77.90,29
RPM00098646,2017-11-20,83.84,,79.16,29
RPM00098646,2017-11-21,82.04,85.46,80.06,28
RPM00098646,2017-11-22,83.66,89.60,,29
RPM00098646,2017-11-23,83.84,89.06,77.90,29
RPM00098646,2017-11-24,82.76,89.60,,28
RPM00098646,2017-11-25,82.22,88.52,78.08,28
RPM00098646,2017-11-26,83.30,,78.62,28
RPM00098646,2017-11-27,83.30,88.34,,28
RPM00098646,2017-11-28,84.02,90.32,76.10,29
RPM00098646,2017-11-29,82.04,87.80,,28
RPM00098646,2017-11-30,83.12,89.06,77.00,28
RPM00098646,2017-12-01,83.48,89.60,77.18,29
RPM00098646,2017-12-02,83.66,,78.80,29
RPM00098646,2017-12-03,82.76,89.24,,28
RPM00098646,2017-12-04,83.84,90.68,76.64,29
RPM00098646,2017-12-05,83.12,90.68,,28
RPM00098646,2017-12-06,82.04,88.34,76.64,28
RPM00098646,2017-12-07,82.58,90.32,77.00,28
RPM00098646,2017-12-08,82.76,91.40,,28
RPM00098646,2017-12-09,83.12,89.78,75.92,28
RPM00098646,2017-12-10,82.76,,77.90,28
RPM00098646,2017-12-11,80.78,90.68,,27
RPM00098646,2017-12-12,80.78,88.52,75.92,27
RPM00098646,2017-12-13,79.52,,,26
RPM00098646,2017-12-14,77.36,80.60,,25
RPM00098646,2017-12-15,73.04,75.92,,23
RPM00098646,2017-12-16,75.74,78.80,69.08,24
RPM00098646,2017-12-17,80.78,87.08,71.06,27
RPM00098646,2017-12-18,81.86,88.70,75.92,28
RPM00098646,2017-12-19,82.76,87.80,76.10,28
RPM00098646,2017-12-20,83.12,88.34,78.08,28
RPM00098646,2017-12-21,80.78,87.80,,27
RPM00098646,2017-12-22,79.52,81.68,76.46,26
RPM00098646,2017-12-23,82.58,88.34,77.72,28
RPM00098646,2017-12-24,82.40,88.16,,28
RPM00098646,2017-12-25,82.22,87.98,77.00,28
RPM00098646,2017-12-26,82.76,87.80,,28
RPM00098646,2017-12-27,82.40,88.34,77.36,28
RPM00098646,2017-12-28,80.06,87.26,,27
RPM00098646,2017-12-29,81.86,,77.18,28
RPM00098646,2017-12-30,79.16,,,26
RPM00098646,2017-12-31,81.50,86.90,73.76,28
RPM00098646,2018-01-01,78.26,82.40,,26
RPM00098646,2018-01-02,80.96,84.92,75.92,27
RPM00098646,2018-01-03,81.68,87.26,76.46,28
RPM00098646,2018-01-04,81.86,,76.28,28
RPM00098646,2018-01-05,80.60,,,27
RPM00098646,2018-01-06,82.22,87.08,76.82,28
RPM00098646,2018-01-07,80.42,86.18,,27
RPM00098646,2018-01-08,81.68,87.26,,28
RPM00098646,2018-01-09,82.40,89.24,76.64,28
RPM00098646,2018-01-10,80.96,87.08,,27
RPM00098646,2018-01-11,81.32,87.08,76.46,27
RPM00098646,2018-01-12,81.50,88.88,75.92,28
RPM00098646,2018-01-13,80.06,88.16,,27
RPM00098646,2018-01-14,78.80,86.00,,26
RPM00098646,2018-01-15,76.46,78.98,,25
RPM00098646,2018-01-16,75.20,,,24
RPM00098646,2018-01-17,79.34,,72.14,26
RPM00098646,2018-01-18,79.88,,,27
RPM00098646,2018-01-19,80.96,86.90,75.38,27
RPM00098646,2018-01-20,79.34,87.08,,26
RPM00098646,2018-01-21,78.98,82.40,,26
RPM00098646,2018-01-22,79.88,85.28,76.10,27
RPM00098646,2018-01-23,81.68,87.80,76.46,28
RPM00098646,2018-01-24,80.42,85.10,,27
RPM00098646,2018-01-25,81.32,86.72,75.20,27
RPM00098646,2018-01-26,82.04,89.06,,28
RPM00098646,2018-01-27,81.86,88.70,76.28,28
RPM00098646,2018-01-28,78.26,82.04,75.20,26
RPM00098646,2018-01-29,81.14,87.44,75.20,27
RPM00098646,2018-01-30,80.96,88.52,75.02,27
RPM00098646,2018-01-31,81.14,86.90,75.20,27
RPM00098646,2018-02-01,82.58,88.88,75.56,28
RPM00098646,2018-02-02,81.68,,,28
RPM00098646,2018-02-03,78.80,84.92,74.48,26
RPM00098646,2018-02-04,81.68,86.90,74.84,28
RPM00098646,2018-02-05,82.04,86.72,77.00,28
RPM00098646,2018-02-06,80.78,87.98,,27
RPM00098646,2018-02-07,80.78,87.44,,27
RPM00098646,2018-02-08,79.52,,,26
RPM00098646,2018-02-09,79.88,87.80,71.96,27
RPM00098646,2018-02-10,79.88,87.08,72.68,27
RPM00098646,2018-02-11,82.76,89.42,72.86,28
RPM00098646,2018-02-12,80.78,90.32,,27
RPM00098646,2018-02-13,76.64,79.88,,25
RPM00098646,2018-02-14,80.24,83.12,75.92,27
RPM00098646,2018-02-15,81.68,,,28
RPM00098646,2018-02-16,80.96,88.88,,27
RPM00098646,2018-02-17,78.44,85.10,,26
RPM00098646,2018-02-18,81.14,87.08,73.40,27
RPM00098646,2018-02-19,81.32,87.80,75.38,27
RPM00098646,2018-02-20,82.04,87.98,75.92,28
RPM00098646,2018-02-21,82.76,88.70,,28
RPM00098646,2018-02-22,82.04,87.80,75.38,28
RPM00098646,2018-02-23,83.48,89.60,78.44,29
RPM00098646,2018-02-24,80.78,86.18,,27
RPM00098646,2018-02-25,79.88,86.00,,27
RPM00098646,2018-02-26,81.86,88.34,75.92,28
RPM00098646,2018-02-27,81.50,87.98,75.92,28
RPM00098646,2018-02-28,81.86,,76.10,28
RPM00098646,2018-03-01,82.58,88.52,,28
RPM00098646,2018-03-02,82.40,88.88,76.28,28
RPM00098646,2018-03-03,83.12,89.96,76.64,28
RPM00098646,2018-03-04,81.68,88.88,,28
RPM00098646,2018-03-05,82.76,89.60,75.92,28
RPM00098646,2018-03-06,83.48,90.32,76.46,29
RPM00098646,2018-03-07,83.48,89.96,,29
RPM00098646,2018-03-08,83.12,91.40,,28
RPM00098646,2018-03-09,81.86,89.96,,28
RPM00098646,2018-03-10,82.04,,75.56,28
RPM00098646,2018-03-11,78.62,86.72,,26
RPM00098646,2018-03-12,78.62,82.94,74.66,26
RPM00098646,2018-03-13,78.62,83.66,,26
RPM00098646,2018-03-14,82.04,86.90,75.02,28
RPM00098646,2018-03-15,81.14,87.80,,27
RPM00098646,2018-03-16,82.94,87.98,77.90,28
RPM00098646,2018-03-17,84.02,90.32,78.26,29
RPM00098646,2018-03-18,82.22,87.80,,28
RPM00098646,2018-03-19,81.86,,,28
RPM00098646,2018-03-20,82.76,89.60,75.56,28
RPM00098646,2018-03-21,81.68,89.24,,28
RPM00098646,2018-03-22,81.68,,,28
RPM00098646,2018-03-23,82.58,88.88,75.56,28
RPM00098646,2018-03-24,82.22,89.06,78.26,28
RPM00098646,2018-03-25,81.32,87.98,,27
RPM00098646,2018-03-26,80.96,88.52,,27
RPM00098646,2018-03-27,80.96,88.88,,27
RPM00098646,2018-03-28,81.68,88.70,73.76,28
RPM00098646,2018-03-29,81.14,88.88,,27
RPM00098646,2018-03-30,81.32,87.80,74.48,27
RPM00098646,2018-03-31,82.40,89.60,76.64,28
RPM00098646,2018-04-01,80.78,88.16,,27
RPM00098646,2018-04-02,82.76,89.42,74.12,28
RPM00098646,2018-04-03,82.94,89.60,76.82,28
RPM00098646,2018-04-04,82.58,90.14,,28
RPM00098646,2018-04-05,82.04,87.98,74.48,28
RPM00098646,2018-04-06,82.04,88.34,,28
RPM00098646,2018-04-07,81.14,88.88,77.00,27
RPM00098646,2018-04-08,80.60,84.38,76.64,27
RPM00098646,2018-04-09,83.12,89.78,77.36,28
RPM00098646,2018-04-10,83.84,90.32,77.90,29
RPM00098646,2018-04-11,83.84,,78.80,29
RPM00098646,2018-04-12,84.38,89.78,78.80,29
RPM00098646,2018-04-13,84.02,89.96,,29
RPM00098646,2018-04-14,84.20,90.68,,29
RPM00098646,2018-04-15,84.38,89.60,,29
RPM00098646,2018-04-16,83.84,89.24,77.18,29
RPM00098646,2018-04-17,84.38,90.50,78.26,29
RPM00098646,2018-04-18,84.38,90.68,78.44,29
RPM00098646,2018-04-19,84.38,,78.26,29
RPM00098646,2018-04-20,83.84,89.60,80.60,29
RPM00098646,2018-04-21,83.66,,,29
RPM00098646,2018-04-22,84.38,,78.08,29
RPM00098646,2018-04-23,85.64,91.94,78.44,30
RPM00098646,2018-04-24,85.28,92.12,78.26,30
RPM00098646,2018-04-25,83.30,91.94,,28
RPM00098646,2018-04-26,84.20,89.78,77.72,29
RPM00098646,2018-04-27,84.38,90.14,,29
RPM00098646,2018-04-28,84.56,91.40,,29
RPM00098646,2018-04-29,85.28,91.58,78.44,30
RPM00098646,2018-04-30,85.28,92.12,80.24,30
RPM00098646,2018-05-01,86.18,91.76,79.52,30
RPM00098646,2018-05-02,85.10,93.02,,29
RPM00098646,2018-05-03,78.98,84.56,,26
RPM00098646,2018-05-04,82.40,88.88,,28
RPM00098646,2018-05-05,83.66,90.50,75.56,29
RPM00098646,2018-05-06,84.92,91.40,78.62,29
RPM00098646,2018-05-07,84.02,92.48,,29
RPM00098646,2018-05-08,84.02,92.48,76.64,29
RPM00098646,2018-05-09,84.74,91.40,77.54,29
RPM00098646,2018-05-10,84.92,92.84,78.08,29
RPM00098646,2018-05-11,85.46,91.76,76.28,30
RPM00098646,2018-05-12,85.46,93.02,78.98,30
RPM00098646,2018-05-13,84.38,92.84,,29
RPM00098646,2018-05-14,86.18,94.10,78.08,30
RPM00098646,2018-05-15,87.26,93.92,81.14,31
RPM00098646,2018-05-16,86.18,93.74,,30
RPM00098646,2018-05-17,85.46,92.66,,30
RPM00098646,2018-05-18,84.38,93.38,,29
RPM00098646,2018-05-19,84.56,91.76,78.44,29
RPM00098646,2018-05-20,84.38,91.22,78.80,29
RPM00098646,2018-05-21,84.38,92.30,79.16,29
RPM00098646,2018-05-22,85.28,92.84,78.44,30
RPM00098646,2018-05-23,85.64,92.66,80.06,30
RPM00098646,2018-05-24,86.72,91.94,79.70,30
RPM00098646,2018-05-25,83.48,92.48,,29
RPM00098646,2018-05-26,86.36,93.20,78.26,30
RPM00098646,2018-05-27,87.08,92.30,80.60,31
RPM00098646,2018-05-28,86.72,93.02,81.32,30
RPM00098646,2018-05-29,86.18,90.32,,30
RPM00098646,2018-05-30,83.48,90.68,,29
RPM00098646,2018-05-31,84.20,91.40,,29
RPM00098646,2018-06-01,83.84,90.68,77.18,29
RPM00098646,2018-06-02,78.98,,,26
RPM00098646,2018-06-03,83.84,90.14,72.86,29
RPM00098646,2018-06-04,84.56,90.50,,29
RPM00098646,2018-06-05,81.86,87.80,77.72,28
RPM00098646,2018-06-06,83.30,89.60,78.98,28
RPM00098646,2018-06-07,85.28,90.86,79.52,30
RPM00098646,2018-06-08,84.92,,,29
RPM00098646,2018-06-09,85.64,92.30,80.24,30
RPM00098646,2018-06-10,85.28,89.06,81.68,30
RPM00098646,2018-06-11,83.66,88.16,,29
RPM00098646,2018-06-12,84.56,93.20,78.44,29
RPM00098646,2018-06-13,86.00,92.48,78.44,30
RPM00098646,2018-06-14,84.92,92.30,,29
RPM00098646,2018-06-15,85.10,93.56,77.54,29
RPM00098646,2018-06-16,85.46,93.74,79.16,30
RPM00098646,2018-06-17,83.48,94.10,,29
RPM00098646,2018-06-18,84.02,90.86,77.72,29
RPM00098646,2018-06-19,82.22,91.40,,28
RPM00098646,2018-06-20,82.04,,75.74,28
RPM00098646,2018-06-21,81.68,91.04,76.64,28
RPM00098646,2018-06-22,81.50,91.40,77.00,28
RPM00098646,2018-06-23,82.76,90.50,76.82,28
RPM00098646,2018-06-24,84.02,92.66,76.82,29
RPM00098646,2018-06-25,82.04,90.86,,28
RPM00098646,2018-06-26,82.58,,77.00,28
RPM00098646,2018-06-27,82.94,89.78,76.82,28
RPM00098646,2018-06-28,83.48,91.04,78.26,29
RPM00098646,2018-06-29,84.02,90.32,78.44,29
RPM00098646,2018-06-30,82.22,93.56,,28
RPM00098646,2018-07-01,82.58,89.60,73.58,28
RPM00098646,2018-07-02,82.94,90.68,,28
RPM00098646,2018-07-03,82.58,91.40,75.20,28
RPM00098646,2018-07-04,82.76,,77.54,28
RPM00098646,2018-07-05,81.32,90.68,,27
RPM00098646,2018-07-06,83.48,89.60,75.74,29
RPM00098646,2018-07-07,83.12,91.04,,28
RPM00098646,2018-07-08,81.86,91.04,,28
RPM00098646,2018-07-09,84.38,91.58,75.56,29
RPM00098646,2018-07-10,82.76,91.40,78.26,28
RPM00098646,2018-07-11,84.38,91.40,78.26,29
RPM00098646,2018-07-12,82.94,,78.26,28
RPM00098646,2018-07-13,80.60,88.16,,27
RPM00098646,2018-07-14,83.12,90.32,74.30,28
RPM00098646,2018-07-15,81.14,90.32,,27
RPM00098646,2018-07-16,83.12,88.52,77.18,28
RPM00098646,2018-07-17,83.66,89.60,78.98,29
RPM00098646,2018-07-18,85.28,92.48,,30
RPM00098646,2018-07-19,82.58,92.12,,28
RPM00098646,2018-07-20,84.02,92.30,77.54,29
RPM00098646,2018-07-21,85.64,91.58,,30
RPM00098646,2018-07-22,82.76,89.96,77.72,28
RPM00098646,2018-07-23,82.76,,,28
RPM00098646,2018-07-24,83.66,91.40,78.80,29
RPM00098646,2018-07-25,83.30,89.60,78.08,28
RPM00098646,2018-07-26,82.58,89.96,,28
RPM00098646,2018-07-27,82.40,90.32,,28
RPM00098646,2018-07-28,84.38,91.94,77.00,29
RPM00098646,2018-07-29,84.92,92.84,,29
RPM00098646,2018-07-30,83.84,91.40,78.80,29
RPM00098646,2018-07-31,82.40,90.14,,28
RPM00098646,2018-08-01,82.58,89.96,75.56,28
RPM00098646,2018-08-02,82.04,89.78,78.08,28
RPM00098646,2018-08-03,82.40,88.88,77.54,28
RPM00098646,2018-08-04,80.78,87.62,,27
RPM00098646,2018-08-05,82.40,89.42,77.18,28
RPM00098646,2018-08-06,84.20,90.14,77.90,29
RPM00098646,2018-08-07,83.48,89.96,,29
RPM00098646,2018-08-08,82.40,90.68,,28
RPM00098646,2018-08-09,84.56,92.48,76.28,29
RPM00098646,2018-08-10,81.68,90.86,,28
RPM00098646,2018-08-11,84.56,,75.02,29
RPM00098646,2018-08-12,84.92,90.86,78.98,29
RPM00098646,2018-08-13,85.28,90.86,79.70,30
RPM00098646,2018-08-14,84.74,92.12,,29
RPM00098646,2018-08-15,85.82,92.48,78.98,30
RPM00098646,2018-08-16,85.10,92.12,,29
RPM00098646,2018-08-17,83.48,91.94,,29
RPM00098646,2018-08-18,82.22,91.04,78.44,28
RPM00098646,2018-08-19,84.38,93.56,,29
RPM00098646,2018-08-20,85.46,93.20,77.36,30
RPM00098646,2018-08-21,85.64,93.56,79.88,30
RPM00098646,2018-08-22,84.74,94.28,,29
RPM00098646,2018-08-23,85.82,95.36,79.52,30
RPM00098646,2018-08-24,85.28,94.28,,30
RPM00098646,2018-08-25,84.38,93.20,79.34,29
RPM00098646,2018-08-26,83.12,90.68,,28
RPM00098646,2018-08-27,83.66,91.40,,29
RPM00098646,2018-08-28,83.30,92.12,,28
RPM00098646,2018-08-29,83.48,90.86,,29
RPM00098646,2018-08-30,81.14,91.76,,27
RPM00098646,2018-08-31,77.72,81.50,,25
RPM00098646,2018-09-01,80.78,,75.20,27
RPM00098646,2018-09-02,83.66,88.70,76.82,29
RPM00098646,2018-09-03,82.76,89.78,,28
RPM00098646,2018-09-04,81.68,90.68,,28
RPM00098646,2018-09-05,81.32,86.90,76.46,27
RPM00098646,2018-09-06,81.32,87.44,,27
RPM00098646,2018-09-07,84.02,92.30,77.54,29
RPM00098646,2018-09-08,83.48,92.66,,29
RPM00098646,2018-09-09,81.14,90.68,,27
RPM00098646,2018-09-10,83.66,91.94,72.86,29
RPM00098646,2018-09-11,81.86,89.60,77.72,28
RPM00098646,2018-09-12,82.76,90.32,78.80,28
RPM00098646,2018-09-13,83.12,90.32,,28
RPM00098646,2018-09-14,80.96,85.28,77.00,27
RPM00098646,2018-09-15,82.94,88.52,77.36,28
RPM00098646,2018-09-16,82.94,90.50,,28
RPM00098646,2018-09-17,80.42,,,27
RPM00098646,2018-09-18,82.22,89.60,,28
RPM00098646,2018-09-19,81.86,87.80,,28
RPM00098646,2018-09-20,80.06,83.84,76.10,27
RPM00098646,2018-09-21,80.42,,,27
RPM00098646,2018-09-22,79.88,87.80,74.48,27
RPM00098646,2018-09-23,81.32,88.34,75.56,27
RPM00098646,2018-09-24,83.48,89.60,75.92,29
RPM00098646,2018-09-25,84.02,91.76,78.44,29
RPM00098646,2018-09-26,83.30,90.68,,28
RPM00098646,2018-09-27,82.58,90.32,76.82,28
RPM00098646,2018-09-28,82.76,89.60,,28
RPM00098646,2018-09-29,84.20,90.32,78.08,29
RPM00098646,2018-09-30,84.74,92.30,79.16,29
RPM00098646,2018-10-01,80.24,90.50,,27
RPM00098646,2018-10-02,82.22,90.32,75.56,28
RPM00098646,2018-10-03,80.78,88.34,,27
RPM00098646,2018-10-04,81.86,90.32,75.92,28
RPM00098646,2018-10-05,82.58,91.76,,28
RPM00098646,2018-10-06,83.12,,74.66,28
RPM00098646,2018-10-07,83.84,91.94,,29
RPM00098646,2018-10-08,83.66,89.78,77.72,29
RPM00098646,2018-10-09,83.66,90.68,,29
RPM00098646,2018-10-10,83.84,89.60,76.64,29
RPM00098646,2018-10-11,85.28,89.96,79.16,30
RPM00098646,2018-10-12,84.92,90.68,,29
RPM00098646,2018-10-13,83.48,,,29
RPM00098646,2018-10-14,83.66,91.40,,29
RPM00098646,2018-10-15,82.58,87.80,74.66,28
RPM00098646,2018-10-16,81.68,,,28
RPM00098646,2018-10-17,82.58,88.16,77.00,28
RPM00098646,2018-10-18,83.12,89.60,78.08,28
RPM00098646,2018-10-19,82.22,89.60,,28
RPM00098646,2018-10-20,81.68,89.60,75.56,28
RPM00098646,2018-10-21,82.76,88.70,77.00,28
RPM00098646,2018-10-22,82.76,88.88,76.28,28
RPM00098646,2018-10-23,82.22,89.42,,28
RPM00098646,2018-10-24,82.76,89.60,75.38,28
RPM00098646,2018-10-25,83.12,89.60,76.10,28
RPM00098646,2018-10-26,83.48,89.60,78.44,29
RPM00098646,2018-10-27,83.12,90.14,,28
RPM00098646,2018-10-28,81.14,89.60,76.64,27
RPM00098646,2018-10-29,81.68,89.42,75.74,28
RPM00098646,2018-10-30,82.58,89.60,,28
RPM00098646,2018-10-31,83.30,90.32,76.82,28
RPM00098646,2018-11-01,84.74,90.14,77.90,29
RPM00098646,2018-11-02,84.38,89.60,,29
RPM00098646,2018-11-03,82.40,88.70,,28
RPM00098646,2018-11-04,82.58,88.16,76.28,28
RPM00098646,2018-11-05,80.96,84.20,,27
RPM00098646,2018-11-06,81.86,85.46,,28
RPM00098646,2018-11-07,83.12,,,28
RPM00098646,2018-11-08,83.12,88.88,76.46,28
RPM00098646,2018-11-09,82.76,89.96,77.18,28
RPM00098646,2018-11-10,80.96,84.74,,27
RPM00098646,2018-11-11,82.40,88.70,77.00,28
RPM00098646,2018-11-12,81.32,87.80,77.72,27
RPM00098646,2018-11-13,81.86,88.16,,28
RPM00098646,2018-11-14,82.22,89.96,77.36,28
RPM00098646,2018-11-15,80.78,87.26,,27
RPM00098646,2018-11-16,82.40,,75.74,28
RPM00098646,2018-11-17,81.14,87.80,,27
RPM00098646,2018-11-18,81.68,86.90,75.38,28
RPM00098646,2018-11-19,79.34,86.18,,26
RPM00098646,2018-11-20,77.72,,72.86,25
RPM00098646,2018-11-21,80.24,85.28,75.02,27
RPM00098646,2018-11-22,81.32,,,27
RPM00098646,2018-11-23,81.32,,76.10,27
RPM00098646,2018-11-24,82.04,87.80,76.10,28
RPM00098646,2018-11-25,80.96,87.44,77.72,27
RPM00098646,2018-11-26,82.22,87.98,,28
RPM00098646,2018-11-27,82.22,89.78,75.38,28
RPM00098646,2018-11-28,82.94,88.16,76.82,28
RPM00098646,2018-11-29,82.58,87.26,77.54,28
RPM00098646,2018-11-30,80.42,86.00,,27
RPM00098646,2018-12-01,81.32,87.98,76.64,27
RPM00098646,2018-12-02,81.32,85.64,,27
RPM00098646,2018-12-03,81.68,,76.46,28
RPM00098646,2018-12-04,82.94,88.16,,28
RPM00098646,2018-12-05,83.12,87.98,77.72,28
RPM00098646,2018-12-06,82.40,87.80,77.72,28
RPM00098646,2018-12-07,80.78,87.80,,27
RPM00098646,2018-12-08,82.40,,,28
RPM00098646,2018-12-09,82.04,87.80,,28
RPM00098646,2018-12-10,82.40,,75.20,28
RPM00098646,2018-12-11,81.68,89.24,,28
RPM00098646,2018-12-12,81.32,88.16,77.00,27
RPM00098646,2018-12-13,80.42,87.44,77.72,27
RPM00098646,2018-12-14,82.22,89.06,77.72,28
RPM00098646,2018-12-15,80.96,87.08,,27
RPM00098646,2018-12-16,80.78,88.16,,27
RPM00098646,2018-12-17,81.86,88.52,73.40,28
RPM00098646,2018-12-18,81.14,85.64,77.00,27
RPM00098646,2018-12-19,81.14,88.34,,27
RPM00098646,2018-12-20,76.64,78.80,,25
RPM00098646,2018-12-21,80.24,84.56,,27
RPM00098646,2018-12-22,79.88,84.56,75.20,27
RPM00098646,2018-12-23,79.70,,,26
RPM00098646,2018-12-24,80.42,86.36,74.84,27
RPM00098646,2018-12-25,81.68,87.26,75.20,28
RPM00098646,2018-12-26,81.32,87.26,,27
RPM00098646,2018-12-27,81.32,86.72,,27
RPM00098646,2018-12-28,78.08,,,26
RPM00098646,2018-12-29,80.60,87.62,75.92,27
RPM00098646,2018-12-30,80.78,86.18,,27
RPM00098646,2018-12-31,82.04,86.72,75.56,28
RPM00098646,2019-01-01,82.22,,,28
RPM00098646,2019-01-02,81.68,,,28
RPM00098646,2019-01-03,80.42,87.08,76.10,27
RPM00098646,2019-01-04,77.00,80.60,,25
RPM00098646,2019-01-05,80.24,86.00,,27
RPM00098646,2019-01-06,79.70,85.64,,26
RPM00098646,2019-01-07,79.16,85.10,73.58,26
RPM00098646,2019-01-08,80.78,86.36,73.76,27
RPM00098646,2019-01-09,80.06,86.18,74.48,27
RPM00098646,2019-01-10,75.92,83.48,,24
RPM00098646,2019-01-11,79.70,86.00,72.32,26
RPM00098646,2019-01-12,80.96,87.08,73.94,27
RPM00098646,2019-01-13,80.96,86.18,,27
RPM00098646,2019-01-14,80.78,85.82,,27
RPM00098646,2019-01-15,80.24,86.90,,27
RPM00098646,2019-01-16,81.14,86.00,73.58,27
RPM00098646,2019-01-17,80.42,86.54,,27
RPM00098646,2019-01-18,79.16,85.10,76.64,26
RPM00098646,2019-01-19,80.24,85.64,77.00,27
RPM00098646,2019-01-20,79.70,83.84,76.46,26
RPM00098646,2019-01-21,80.06,86.72,,27
RPM00098646,2019-01-22,79.88,86.18,75.38,27
RPM00098646,2019-01-23,79.88,84.20,76.64,27
RPM00098646,2019-01-24,80.42,,,27
RPM00098646,2019-01-25,80.06,85.46,77.00,27
RPM00098646,2019-01-26,79.88,86.00,,27
RPM00098646,2019-01-27,79.34,84.20,,26
RPM00098646,2019-01-28,79.16,84.20,,26
RPM00098646,2019-01-29,78.44,,,26
RPM00098646,2019-01-30,80.24,85.28,73.22,27
RPM00098646,2019-01-31,79.88,84.56,,27
RPM00098646,2019-02-01,79.34,86.90,,26
RPM00098646,2019-02-02,77.72,84.56,,25
RPM00098646,2019-02-03,80.42,86.00,71.42,27
RPM00098646,2019-02-04,81.14,86.36,74.66,27
RPM00098646,2019-02-05,81.32,87.08,,27
RPM00098646,2019-02-06,78.98,85.64,,26
RPM00098646,2019-02-07,79.34,86.00,72.68,26
RPM00098646,2019-02-08,80.78,86.36,74.48,27
RPM00098646,2019-02-09,78.62,87.44,,26
RPM00098646,2019-02-10,79.70,,,26
RPM00098646,2019-02-11,80.42,87.08,73.40,27
RPM00098646,2019-02-12,79.52,84.92,,26
RPM00098646,2019-02-13,80.78,87.08,73.04,27
RPM00098646,2019-02-14,76.28,82.04,73.76,25
RPM00098646,2019-02-15,75.74,80.24,,24
RPM00098646,2019-02-16,79.52,84.74,73.22,26
RPM00098646,2019-02-17,80.42,,73.04,27
RPM00098646,2019-02-18,80.06,86.54,74.84,27
RPM00098646,2019-02-19,80.42,85.46,75.38,27
RPM00098646,2019-02-20,79.88,86.18,,27
RPM00098646,2019-02-21,78.98,86.90,72.86,26
RPM00098646,2019-02-22,79.34,86.18,72.14,26
RPM00098646,2019-02-23,80.24,86.54,73.22,27
RPM00098646,2019-02-24,80.06,,75.02,27
RPM00098646,2019-02-25,79.52,86.36,,26
RPM00098646,2019-02-26,78.62,84.74,,26
RPM00098646,2019-02-27,79.34,86.00,70.88,26
RPM00098646,2019-02-28,80.96,87.08,71.06,27
RPM00098646,2019-03-01,80.78,86.90,,27
RPM00098646,2019-03-02,81.14,87.26,74.66,27
RPM00098646,2019-03-03,82.04,89.06,75.02,28
RPM00098646,2019-03-04,82.04,88.34,,28
RPM00098646,2019-03-05,81.50,87.26,75.38,28
RPM00098646,2019-03-06,81.14,87.62,,27
RPM00098646,2019-03-07,81.14,87.62,,27
RPM00098646,2019-03-08,80.60,87.26,,27
RPM00098646,2019-03-09,80.78,88.88,73.40,27
RPM00098646,2019-03-10,80.78,89.60,73.40,27
RPM00098646,2019-03-11,81.50,88.88,72.68,28
RPM00098646,2019-03-12,80.96,88.16,,27
RPM00098646,2019-03-13,81.86,,72.68,28
RPM00098646,2019-03-14,81.32,89.42,72.86,27
RPM00098646,2019-03-15,80.96,89.06,72.32,27
RPM00098646,2019-03-16,81.50,89.96,,28
RPM00098646,2019-03-17,79.70,,,26
RPM00098646,2019-03-18,81.86,88.16,76.10,28
RPM00098646,2019-03-19,79.88,,,27
RPM00098646,2019-03-20,82.58,89.06,75.20,28
RPM00098646,2019-03-21,82.04,89.60,,28
RPM00098646,2019-03-22,81.32,,74.48,27
RPM00098646,2019-03-23,82.94,,73.94,28
RPM00098646,2019-03-24,82.58,,,28
RPM00098646,2019-03-25,81.32,88.34,,27
RPM00098646,2019-03-26,81.32,89.06,74.66,27
RPM00098646,2019-03-27,77.90,84.20,,26
RPM00098646,2019-03-28,82.94,89.60,74.12,28
RPM00098646,2019-03-29,80.78,89.96,,27
RPM00098646,2019-03-30,81.68,,73.22,28
RPM00098646,2019-03-31,81.86,89.06,73.22,28
RPM00098646,2019-04-01,81.32,87.44,74.84,27
RPM00098646,2019-04-02,82.04,87.98,,28
RPM00098646,2019-04-03,81.86,89.06,,28
RPM00098646,2019-04-04,82.22,89.42,74.48,28
RPM00098646,2019-04-05,83.48,89.06,75.92,29
RPM00098646,2019-04-06,81.68,88.34,78.26,28
RPM00098646,2019-04-07,84.74,91.58,77.72,29
RPM00098646,2019-04-08,81.50,88.70,78.08,28
RPM00098646,2019-04-09,80.24,87.26,,27
RPM00098646,2019-04-10,82.22,88.34,77.90,28
RPM00098646,2019-04-11,83.84,,79.16,29
RPM00098646,2019-04-12,84.92,92.84,,29
RPM00098646,2019-04-13,83.84,,,29
RPM00098646,2019-04-14,83.12,90.50,76.46,28
RPM00098646,2019-04-15,83.48,92.12,,29
RPM00098646,2019-04-16,84.20,92.30,75.92,29
RPM00098646,2019-04-17,83.48,91.94,76.28,29
RPM00098646,2019-04-18,84.74,93.92,77.54,29
RPM00098646,2019-04-19,84.38,91.40,78.26,29
RPM00098646,2019-04-20,84.56,94.28,,29
RPM00098646,2019-04-21,84.38,,76.64,29
RPM00098646,2019-04-22,84.20,90.68,75.92,29
RPM00098646,2019-04-23,84.38,90.14,78.44,29
RPM00098646,2019-04-24,84.38,91.94,,29
RPM00098646,2019-04-25,83.84,90.50,76.46,29
RPM00098646,2019-04-26,84.74,92.48,77.90,29
RPM00098646,2019-04-27,84.38,91.22,77.72,29
RPM00098646,2019-04-28,83.66,92.30,,29
RPM00098646,2019-04-29,84.74,92.48,77.54,29
RPM00098646,2019-04-30,85.64,92.30,78.08,30
RPM00098646,2019-05-01,84.74,91.04,,29
RPM00098646,2019-05-02,85.28,93.38,80.78,30
RPM00098646,2019-05-03,85.28,93.74,,30
RPM00098646,2019-05-04,85.28,95.18,,30
RPM00098646,2019-05-05,84.74,91.76,,29
RPM00098646,2019-05-06,86.54,95.36,78.80,30
RPM00098646,2019-05-07,86.36,94.46,,30
RPM00098646,2019-05-08,86.54,96.80,79.16,30
RPM00098646,2019-05-09,83.84,91.76,,29
RPM00098646,2019-05-10,85.82,95.18,79.70,30
RPM00098646,2019-05-11,85.46,91.40,80.24,30
RPM00098646,2019-05-12,87.08,95.54,80.42,31
RPM00098646,2019-05-13,87.98,95.54,80.60,31
RPM00098646,2019-05-14,87.08,95.18,80.42,31
RPM00098646,2019-05-15,86.54,94.82,,30
RPM00098646,2019-05-16,87.08,95.36,,31
RPM00098646,2019-05-17,84.20,93.20,77.36,29
RPM00098646,2019-05-18,86.18,95.00,79.34,30
RPM00098646,2019-05-19,86.36,94.64,80.06,30
RPM00098646,2019-05-20,86.54,96.26,,30
RPM00098646,2019-05-21,85.28,93.38,,30
RPM00098646,2019-05-22,85.64,95.90,,30
RPM00098646,2019-05-23,83.84,92.48,,29
RPM00098646,2019-05-24,84.92,93.56,79.16,29
RPM00098646,2019-05-25,85.28,92.30,80.06,30
RPM00098646,2019-05-26,86.18,93.02,80.24,30
RPM00098646,2019-05-27,86.54,,80.24,30
RPM00098646,2019-05-28,86.36,94.46,,30
RPM00098646,2019-05-29,87.26,93.92,79.70,31
RPM00098646,2019-05-30,87.08,92.48,81.14,31
RPM00098646,2019-05-31,87.26,,82.22,31
RPM00098646,2019-06-01,86.54,,81.86,30
RPM00098646,2019-06-02,86.36,,82.04,30
RPM00098646,2019-06-03,87.26,95.00,81.68,31
RPM00098646,2019-06-04,85.64,94.64,,30
RPM00098646,2019-06-05,83.12,92.84,,28
RPM00098646,2019-06-06,83.66,91.58,76.46,29
RPM00098646,2019-06-07,86.18,93.56,80.60,30
RPM00098646,2019-06-08,85.64,93.38,79.52,30
RPM00098646,2019-06-09,84.56,92.12,,29
RPM00098646,2019-06-10,85.82,93.92,,30
RPM00098646,2019-06-11,86.54,94.64,78.26,30
RPM00098646,2019-06-12,87.08,94.64,81.32,31
RPM00098646,2019-06-13,87.08,,,31
RPM00098646,2019-06-14,85.10,95.00,,29
RPM00098646,2019-06-15,86.00,94.64,79.88,30
RPM00098646,2019-06-16,86.36,93.74,,30
RPM00098646,2019-06-17,86.36,93.38,79.52,30
RPM00098646,2019-06-18,87.26,94.10,80.60,31
RPM00098646,2019-06-19,87.08,94.46,81.32,31
RPM00098646,2019-06-20,86.36,95.00,,30
RPM00098646,2019-06-21,86.54,93.74,80.42,30
RPM00098646,2019-06-22,86.18,95.00,79.88,30
RPM00098646,2019-06-23,82.04,93.02,,28
RPM00098646,2019-06-24,82.40,90.86,74.48,28
RPM00098646,2019-06-25,85.82,93.56,75.02,30
RPM00098646,2019-06-26,84.02,92.84,,29
RPM00098646,2019-06-27,84.92,91.76,,29
RPM00098646,2019-06-28,84.56,90.68,,29
RPM00098646,2019-06-29,84.38,93.20,,29
RPM00098646,2019-06-30,82.94,89.78,78.98,28
RPM00098646,2019-07-01,83.30,90.14,,28
RPM00098646,2019-07-02,83.48,90.86,77.36,29
RPM00098646,2019-07-03,82.76,92.48,,28
RPM00098646,2019-07-04,81.32,89.78,74.48,27
RPM00098646,2019-07-05,82.94,89.42,,28
RPM00098646,2019-07-06,84.02,89.96,78.26,29
RPM00098646,2019-07-07,84.38,91.76,,29
RPM00098646,2019-07-08,83.66,89.78,76.28,29
RPM00098646,2019-07-09,82.58,89.96,74.84,28
RPM00098646,2019-07-10,83.30,90.32,,28
RPM00098646,2019-07-11,84.56,90.50,78.26,29
RPM00098646,2019-07-12,83.48,91.22,79.16,29
RPM00098646,2019-07-13,80.06,88.88,,27
RPM00098646,2019-07-14,80.96,,,27
RPM00098646,2019-07-15,80.78,86.00,,27
RPM00098646,2019-07-16,80.78,83.48,76.64,27
RPM00098646,2019-07-17,84.02,88.34,77.00,29
RPM00098646,2019-07-18,84.20,,,29
RPM00098646,2019-07-19,85.10,93.56,78.44,29
RPM00098646,2019-07-20,85.46,91.76,79.16,30
RPM00098646,2019-07-21,82.94,90.86,,28
RPM00098646,2019-07-22,80.78,90.14,76.64,27
RPM00098646,2019-07-23,81.68,89.60,,28
RPM00098646,2019-07-24,82.76,88.52,77.54,28
RPM00098646,2019-07-25,83.84,89.78,78.26,29
RPM00098646,2019-07-26,84.02,90.50,77.72,29
RPM00098646,2019-07-27,81.32,89.60,,27
RPM00098646,2019-07-28,78.98,84.20,,26
RPM00098646,2019-07-29,82.40,88.34,75.20,28
RPM00098646,2019-07-30,83.66,89.96,78.26,29
RPM00098646,2019-07-31,82.76,88.88,,28
RPM00098646,2019-08-01,84.20,89.24,79.88,29
RPM00098646,2019-08-02,81.50,89.60,,28
RPM00098646,2019-08-03,80.60,88.52,73.76,27
RPM00098646,2019-08-04,83.12,90.14,75.56,28
RPM00098646,2019-08-05,83.84,88.52,79.16,29
RPM00098646,2019-08-06,82.40,88.16,,28
RPM00098646,2019-08-07,84.92,88.52,,29
RPM00098646,2019-08-08,84.92,89.78,,29
RPM00098646,2019-08-09,85.10,91.40,,29
RPM00098646,2019-08-10,85.10,92.30,,29
RPM00098646,2019-08-11,85.64,92.12,79.16,30
RPM00098646,2019-08-12,85.46,92.12,79.52,30
RPM00098646,2019-08-13,84.92,92.12,79.52,29
RPM00098646,2019-08-14,85.28,92.48,79.52,30
RPM00098646,2019-08-15,85.64,92.12,79.16,30
RPM00098646,2019-08-16,85.10,91.40,79.70,29
RPM00098646,2019-08-17,84.02,92.48,,29
RPM00098646,2019-08-18,83.48,92.12,77.36,29
RPM00098646,2019-08-19,84.56,92.12,77.72,29
RPM00098646,2019-08-20,82.04,91.58,,28
RPM00098646,2019-08-21,81.68,86.18,72.68,28
RPM00098646,2019-08-22,81.68,88.70,78.80,28
RPM00098646,2019-08-23,83.12,88.88,78.62,28
RPM00098646,2019-08-24,84.38,91.40,,29
RPM00098646,2019-08-25,84.20,91.04,77.36,29
RPM00098646,2019-08-26,82.04,90.68,,28
RPM00098646,2019-08-27,81.68,85.64,78.44,28
RPM00098646,2019-08-28,84.20,90.32,,29
RPM00098646,2019-08-29,83.48,89.60,,29
RPM00098646,2019-08-30,84.38,91.76,78.80,29
RPM00098646,2019-08-31,81.68,88.16,,28
RPM00098646,2019-09-01,79.70,87.26,,26
RPM00098646,2019-09-02,82.94,,75.56,28
RPM00098646,2019-09-03,82.58,89.42,,28
RPM00098646,2019-09-04,83.66,90.32,76.64,29
RPM00098646,2019-09-05,84.20,91.04,79.70,29
RPM00098646,2019-09-06,84.74,91.40,79.88,29
RPM00098646,2019-09-07,84.92,92.12,79.70,29
RPM00098646,2019-09-08,84.56,92.84,,29
RPM00098646,2019-09-09,84.38,92.30,78.80,29
RPM00098646,2019-09-10,84.74,90.50,79.34,29
RPM00098646,2019-09-11,83.12,91.94,,28
RPM00098646,2019-09-12,81.86,88.70,77.54,28
RPM00098646,2019-09-13,80.24,88.70,,27
RPM00098646,2019-09-14,83.12,89.24,75.74,28
RPM00098646,2019-09-15,83.12,88.34,,28
RPM00098646,2019-09-16,84.92,90.86,78.26,29
RPM00098646,2019-09-17,84.92,92.12,,29
RPM00098646,2019-09-18,83.84,92.48,,29
RPM00098646,2019-09-19,84.02,91.76,,29
RPM00098646,2019-09-20,83.30,91.76,78.44,28
RPM00098646,2019-09-21,83.48,93.56,,29
RPM00098646,2019-09-22,84.74,94.28,77.36,29
RPM00098646,2019-09-23,83.84,,77.54,29
RPM00098646,2019-09-24,85.28,92.12,77.72,30
RPM00098646,2019-09-25,85.10,92.66,80.06,29
RPM00098646,2019-09-26,85.82,93.92,79.88,30
RPM00098646,2019-09-27,85.28,93.74,,30
RPM00098646,2019-09-28,85.10,92.66,78.44,29
RPM00098646,2019-09-29,86.00,93.74,,30
RPM00098646,2019-09-30,83.84,91.76,77.54,29
RPM00098646,2019-10-01,84.38,,,29
RPM00098646,2019-10-02,84.38,91.04,76.10,29
RPM00098646,2019-10-03,82.04,91.04,,28
RPM00098646,2019-10-04,82.22,90.68,,28
RPM00098646,2019-10-05,81.86,90.32,75.02,28
RPM00098646,2019-10-06,84.56,91.22,77.18,29
RPM00098646,2019-10-07,84.92,91.94,79.34,29
RPM00098646,2019-10-08,83.66,89.60,,29
RPM00098646,2019-10-09,82.94,90.68,,28
RPM00098646,2019-10-10,80.06,84.56,,27
RPM00098646,2019-10-11,80.96,89.96,,27
RPM00098646,2019-10-12,81.68,89.78,75.20,28
RPM00098646,2019-10-13,82.22,87.80,75.74,28
RPM00098646,2019-10-14,81.68,87.98,77.00,28
RPM00098646,2019-10-15,83.12,88.34,77.54,28
RPM00098646,2019-10-16,83.12,89.42,,28
RPM00098646,2019-10-17,81.32,87.80,,27
RPM00098646,2019-10-18,83.84,90.50,76.64,29
RPM00098646,2019-10-19,84.02,,78.26,29
RPM00098646,2019-10-20,84.38,,78.62,29
RPM00098646,2019-10-21,84.38,90.86,,29
RPM00098646,2019-10-22,84.38,91.04,76.64,29
RPM00098646,2019-10-23,83.48,90.86,,29
RPM00098646,2019-10-24,84.56,90.50,75.20,29
RPM00098646,2019-10-25,84.74,,79.16,29
RPM00098646,2019-10-26,82.94,89.96,,28
RPM00098646,2019-10-27,80.78,88.34,,27
RPM00098646,2019-10-28,82.76,89.24,76.10,28
RPM00098646,2019-10-29,84.02,91.04,,29
RPM00098646,2019-10-30,80.96,90.14,,27
RPM00098646,2019-10-31,81.32,87.80,74.66,27
RPM00098646,2019-11-01,82.22,87.08,76.82,28
RPM00098646,2019-11-02,81.68,87.08,,28
RPM00098646,2019-11-03,83.84,89.60,77.00,29
RPM00098646,2019-11-04,84.38,91.04,77.36,29
RPM00098646,2019-11-05,81.32,89.60,,27
RPM00098646,2019-11-06,82.94,,76.64,28
RPM00098646,2019-11-07,83.66,88.34,78.08,29
RPM00098646,2019-11-08,81.14,90.50,,27
RPM00098646,2019-11-09,84.02,90.32,75.56,29
RPM00098646,2019-11-10,83.12,,,28
RPM00098646,2019-11-11,80.42,90.68,,27
RPM00098646,2019-11-12,82.04,87.44,76.46,28
RPM00098646,2019-11-13,82.40,87.80,,28
RPM00098646,2019-11-14,83.66,,76.46,29
RPM00098646,2019-11-15,84.38,92.84,76.64,29
RPM00098646,2019-11-16,83.48,88.70,78.26,29
RPM00098646,2019-11-17,82.76,88.16,,28
RPM00098646,2019-11-18,83.84,91.40,77.72,29
RPM00098646,2019-11-19,82.22,91.22,,28
RPM00098646,2019-11-20,84.38,92.12,78.08,29
RPM00098646,2019-11-21,82.76,90.32,,28
RPM00098646,2019-11-22,83.12,88.88,77.54,28
RPM00098646,2019-11-23,83.84,89.96,78.08,29
RPM00098646,2019-11-24,83.84,89.78,77.90,29
RPM00098646,2019-11-25,83.66,,,29
RPM00098646,2019-11-26,79.34,,76.64,26
RPM00098646,2019-11-27,82.58,88.16,76.64,28
RPM00098646,2019-11-28,84.02,90.68,76.28,29
RPM00098646,2019-11-29,81.32,89.06,78.44,27
RPM00098646,2019-11-30,81.50,89.24,,28
RPM00098646,2019-12-01,82.04,89.96,76.10,28
RPM00098646,2019-12-02,79.88,82.40,76.82,27
RPM00098646,2019-12-03,79.88,86.18,,27
RPM00098646,2019-12-04,82.76,91.94,75.92,28
RPM00098646,2019-12-05,82.22,,,28
RPM00098646,2019-12-06,82.58,,76.82,28
RPM00098646,2019-12-07,82.22,87.80,76.46,28
RPM00098646,2019-12-08,81.86,88.52,77.00,28
RPM00098646,2019-12-09,82.76,89.06,77.72,28
RPM00098646,2019-12-10,82.76,89.06,,28
RPM00098646,2019-12-11,81.32,87.62,,27
RPM00098646,2019-12-12,80.42,89.24,,27
RPM00098646,2019-12-13,80.06,88.88,,27
RPM00098646,2019-12-14,83.12,87.80,74.48,28
RPM00098646,2019-12-15,83.66,88.88,,29
RPM00098646,2019-12-16,82.22,88.34,77.18,28
RPM00098646,2019-12-17,80.24,,,27
RPM00098646,2019-12-18,80.60,85.46,74.84,27
RPM00098646,2019-12-19,80.24,86.90,,27
RPM00098646,2019-12-20,79.88,85.10,75.20,27
RPM00098646,2019-12-21,79.16,85.10,,26
RPM00098646,2019-12-22,81.50,,74.84,28
RPM00098646,2019-12-23,81.68,87.44,,28
RPM00098646,2019-12-24,78.62,,74.12,26
RPM00098646,2019-12-25,82.22,89.24,76.10,28
RPM00098646,2019-12-26,81.14,87.80,,27
RPM00098646,2019-12-27,81.86,88.52,76.82,28
RPM00098646,2019-12-28,81.86,86.36,75.92,28
RPM00098646,2019-12-29,81.50,86.54,,28
RPM00098646,2019-12-30,80.96,,,27
RPM00098646,2019-12-31,80.78,87.26,75.20,27
RPM00098646,2020-01-01,81.86,89.96,76.46,28
RPM00098646,2020-01-02,81.14,86.72,,27
RPM00098646,2020-01-03,80.42,87.08,,27
RPM00098646,2020-01-04,80.78,86.36,73.94,27
RPM00098646,2020-01-05,81.86,,75.92,28
RPM00098646,2020-01-06,82.04,86.54,,28
RPM00098646,2020-01-07,81.86,86.54,75.56,28
RPM00098646,2020-01-08,80.96,87.80,,27
RPM00098646,2020-01-09,80.60,86.18,74.84,27
RPM00098646,2020-01-10,82.04,88.70,,28
RPM00098646,2020-01-11,81.68,,,28
RPM00098646,2020-01-12,77.90,82.40,,26
RPM00098646,2020-01-13,81.32,86.36,74.48,27
RPM00098646,2020-01-14,82.04,87.98,,28
RPM00098646,2020-01-15,82.76,88.16,78.08,28
RPM00098646,2020-01-16,82.76,,,28
RPM00098646,2020-01-17,82.94,89.06,77.72,28
RPM00098646,2020-01-18,82.76,,,28
RPM00098646,2020-01-19,81.32,87.80,77.00,27
RPM00098646,2020-01-20,79.16,82.76,,26
RPM00098646,2020-01-21,80.78,86.00,74.48,27
RPM00098646,2020-01-22,80.60,84.56,77.00,27
RPM00098646,2020-01-23,82.04,87.26,76.82,28
RPM00098646,2020-01-24,82.04,87.80,77.54,28
RPM00098646,2020-01-25,81.14,87.44,,27
RPM00098646,2020-01-26,82.22,89.24,76.82,28
RPM00098646,2020-01-27,83.30,90.32,76.82,28
RPM00098646,2020-01-28,82.76,90.50,,28
RPM00098646,2020-01-29,83.12,89.96,,28
RPM00098646,2020-01-30,81.68,87.98,,28
RPM00098646,2020-01-31,81.14,88.52,75.74,27
RPM00098646,2020-02-01,80.24,86.54,,27
RPM00098646,2020-02-02,79.34,86.36,,26
RPM00098646,2020-02-03,79.70,85.46,,26
RPM00098646,2020-02-04,80.24,84.56,72.32,27
RPM00098646,2020-02-05,80.78,88.88,75.56,27
RPM00098646,2020-02-06,77.54,80.60,75.20,25
RPM00098646,2020-02-07,79.16,85.28,,26
RPM00098646,2020-02-08,80.42,86.72,,27
RPM00098646,2020-02-09,80.60,,,27
RPM00098646,2020-02-10,78.62,84.74,73.94,26
RPM00098646,2020-02-11,79.52,85.64,,26
RPM00098646,2020-02-12,78.80,,74.66,26
RPM00098646,2020-02-13,80.06,,75.02,27
RPM00098646,2020-02-14,82.22,86.90,75.38,28
RPM00098646,2020-02-15,81.50,86.72,,28
RPM00098646,2020-02-16,81.50,86.18,75.02,28
RPM00098646,2020-02-17,79.70,86.18,,26
RPM00098646,2020-02-18,80.06,86.90,76.28,27
RPM00098646,2020-02-19,80.06,86.72,,27
RPM00098646,2020-02-20,79.16,85.28,,26
RPM00098646,2020-02-21,79.88,87.26,,27
RPM00098646,2020-02-22,80.24,86.18,74.48,27
RPM00098646,2020-02-23,80.78,87.08,74.48,27
RPM00098646,2020-02-24,82.04,86.54,75.38,28
RPM00098646,2020-02-25,81.86,88.16,76.46,28
RPM00098646,2020-02-26,82.22,,,28
RPM00098646,2020-02-27,80.24,87.08,,27
RPM00098646,2020-02-28,80.06,85.64,76.28,27
RPM00098646,2020-02-29,81.14,86.72,,27
RPM00098646,2020-03-01,81.14,87.08,75.56,27
RPM00098646,2020-03-02,81.32,87.44,,27
RPM00098646,2020-03-03,81.32,86.18,75.20,27
RPM00098646,2020-03-04,82.76,87.08,,28
RPM00098646,2020-03-05,82.40,89.60,,28
RPM00098646,2020-03-06,81.68,89.96,78.62,28
RPM00098646,2020-03-07,82.58,87.98,78.26,28
RPM00098646,2020-03-08,82.76,90.32,,28
RPM00098646,2020-03-09,81.86,90.68,,28
RPM00098646,2020-03-10,82.58,90.86,75.02,28
RPM00098646,2020-03-11,83.12,,78.26,28
RPM00098646,2020-03-12,82.58,91.04,,28
RPM00098646,2020-03-13,81.68,,,28
RPM00098646,2020-03-14,81.32,91.04,74.84,27
RPM00098646,2020-03-15,82.94,90.50,75.38,28
RPM00098646,2020-03-16,82.58,90.14,,28
RPM00098646,2020-03-17,83.30,89.60,74.84,28
RPM00098646,2020-03-18,82.76,88.88,,28
RPM00098646,2020-03-19,83.48,88.70,,29
RPM00098646,2020-03-20,83.84,90.86,,29
RPM00098646,2020-03-21,84.56,90.50,76.82,29
RPM00098646,2020-03-22,83.66,90.50,,29
RPM00098646,2020-03-23,83.66,90.50,76.28,29
RPM00098646,2020-03-24,83.66,90.32,76.46,29
RPM00098646,2020-03-25,83.12,88.52,,28
RPM00098646,2020-03-26,82.22,89.24,,28
RPM00098646,2020-03-27,83.66,89.96,,29
RPM00098646,2020-03-28,82.94,90.32,,28
RPM00098646,2020-03-29,84.20,89.78,76.28,29
RPM00098646,2020-03-30,83.30,90.50,,28
RPM00098646,2020-03-31,83.48,90.68,75.20,29
RPM00098646,2020-04-01,83.66,,75.74,29
RPM00098646,2020-04-02,84.02,91.40,76.64,29
RPM00098646,2020-04-03,83.12,91.40,77.72,28
RPM00098646,2020-04-04,84.56,91.58,,29
RPM00098646,2020-04-05,84.02,90.50,76.28,29
RPM00098646,2020-04-06,84.20,,,29
RPM00098646,2020-04-07,83.84,93.38,75.56,29
RPM00098646,2020-04-08,84.38,93.02,,29
RPM00098646,2020-04-09,85.28,92.84,77.36,30
RPM00098646,2020-04-10,84.74,91.22,,29
RPM00098646,2020-04-11,83.30,90.50,,28
RPM00098646,2020-04-12,83.30,92.48,,28
RPM00098646,2020-04-13,84.20,93.92,75.38,29
RPM00098646,2020-04-14,84.38,93.20,77.00,29
RPM00098646,2020-04-15,84.56,92.48,76.10,29
RPM00098646,2020-04-16,85.82,93.74,78.44,30
RPM00098646,2020-04-17,86.54,93.20,78.44,30
RPM00098646,2020-04-18,85.28,91.94,,30
RPM00098646,2020-04-19,85.46,92.84,79.52,30
RPM00098646,2020-04-20,85.64,92.30,80.06,30
RPM00098646,2020-04-21,85.28,91.76,,30
RPM00098646,2020-04-22,85.82,92.84,79.52,30
RPM00098646,2020-04-23,85.82,,78.80,30
RPM00098646,2020-04-24,85.64,92.12,80.78,30
RPM00098646,2020-04-25,85.10,91.40,,29
RPM00098646,2020-04-26,86.00,92.30,80.06,30
RPM00098646,2020-04-27,83.84,,,29
RPM00098646,2020-04-28,83.66,90.32,,29
RPM00098646,2020-04-29,85.28,,78.44,30
RPM00098646,2020-04-30,84.56,92.48,,29
RPM00098646,2020-05-01,84.38,92.12,,29
RPM00098646,2020-05-02,84.38,90.86,76.82,29
RPM00098646,2020-05-03,82.22,87.44,78.80,28
RPM00098646,2020-05-04,84.92,91.94,79.34,29
RPM00098646,2020-05-05,85.64,92.66,80.42,30
RPM00098646,2020-05-06,87.26,95.90,81.32,31
RPM00098646,2020-05-07,87.08,96.08,,31
RPM00098646,2020-05-08,87.08,94.46,78.62,31
RPM00098646,2020-05-09,86.36,94.64,,30
RPM00098646,2020-05-10,87.44,96.08,79.88,31
RPM00098646,2020-05-11,86.72,93.74,81.32,30
RPM00098646,2020-05-12,83.48,93.38,,29
RPM00098646,2020-05-13,85.46,93.38,79.34,30
RPM00098646,2020-05-14,84.74,93.20,80.42,29
RPM00098646,2020-05-15,86.36,92.84,81.14,30
RPM00098646,2020-05-16,85.64,91.94,,30
RPM00098646,2020-05-17,87.26,93.56,80.96,31
RPM00098646,2020-05-18,87.08,,,31
RPM00098646,2020-05-19,87.08,,,31
RPM00098646,2020-05-20,87.44,94.28,,31
RPM00098646,2020-05-21,86.36,94.82,,30
RPM00098646,2020-05-22,85.82,94.82,,30
RPM00098646,2020-05-23,86.36,,78.98,30
RPM00098646,2020-05-24,87.44,,,31
RPM00098646,2020-05-25,87.62,95.18,81.14,31
RPM00098646,2020-05-26,86.18,94.46,,30
RPM00098646,2020-05-27,87.62,94.82,79.52,31
RPM00098646,2020-05-28,85.28,93.20,,30
RPM00098646,2020-05-29,84.38,92.30,,29
RPM00098646,2020-05-30,85.64,92.48,78.26,30
RPM00098646,2020-05-31,84.74,90.32,,29
RPM00098646,2020-06-01,86.18,93.38,78.62,30
RPM00098646,2020-06-02,86.18,92.84,78.44,30
RPM00098646,2020-06-03,86.00,93.38,79.16,30
RPM00098646,2020-06-04,86.72,94.64,,30
RPM00098646,2020-06-05,85.64,92.30,77.36,30
RPM00098646,2020-06-06,86.36,93.56,,30
RPM00098646,2020-06-07,84.20,90.86,78.80,29
RPM00098646,2020-06-08,84.56,90.68,78.08,29
RPM00098646,2020-06-09,84.74,,79.16,29
RPM00098646,2020-06-10,79.52,83.48,,26
RPM00098646,2020-06-11,82.76,87.80,77.00,28
RPM00098646,2020-06-12,82.58,88.34,,28
RPM00098646,2020-06-13,85.28,90.50,78.62,30
RPM00098646,2020-06-14,84.92,89.24,80.42,29
RPM00098646,2020-06-15,82.58,90.68,,28
RPM00098646,2020-06-16,82.94,88.52,75.56,28
RPM00098646,2020-06-17,84.74,,78.80,29
RPM00098646,2020-06-18,79.88,86.90,,27
RPM00098646,2020-06-19,81.68,87.98,76.82,28
RPM00098646,2020-06-20,85.10,,77.18,29
RPM00098646,2020-06-21,84.02,90.32,,29
RPM00098646,2020-06-22,84.92,90.32,78.62,29
RPM00098646,2020-06-23,85.28,90.50,79.16,30
RPM00098646,2020-06-24,84.74,90.14,,29
RPM00098646,2020-06-25,84.02,90.14,77.90,29
RPM00098646,2020-06-26,82.04,89.06,,28
RPM00098646,2020-06-27,82.22,88.34,76.46,28
RPM00098646,2020-06-28,81.86,89.24,,28
RPM00098646,2020-06-29,80.42,86.90,,27
RPM00098646,2020-06-30,82.58,88.34,74.12,28
RPM00098646,2020-07-01,84.92,,77.90,29
RPM00098646,2020-07-02,85.82,,78.08,30
RPM00098646,2020-07-03,82.76,88.34,,28
RPM00098646,2020-07-04,83.12,89.78,77.00,28
RPM00098646,2020-07-05,83.66,89.96,77.54,29
RPM00098646,2020-07-06,83.84,89.06,77.54,29
RPM00098646,2020-07-07,84.38,88.88,78.62,29
RPM00098646,2020-07-08,84.38,90.32,,29
RPM00098646,2020-07-09,84.02,90.14,76.46,29
RPM00098646,2020-07-10,84.74,91.94,,29
RPM00098646,2020-07-11,84.20,89.96,74.84,29
RPM00098646,2020-07-12,84.74,,78.08,29
RPM00098646,2020-07-13,85.64,92.12,,30
RPM00098646,2020-07-14,84.92,90.68,,29
RPM00098646,2020-07-15,83.12,90.68,77.18,28
RPM00098646,2020-07-16,84.20,90.32,,29
RPM00098646,2020-07-17,82.76,89.24,,28
RPM00098646,2020-07-18,82.76,87.80,78.44,28
RPM00098646,2020-07-19,83.12,88.88,,28
RPM00098646,2020-07-20,83.48,90.14,,29
RPM00098646,2020-07-21,81.32,85.10,75.56,27
RPM00098646,2020-07-22,84.38,89.96,,29
RPM00098646,2020-07-23,83.48,90.50,,29
RPM00098646,2020-07-24,81.86,88.88,,28
RPM00098646,2020-07-25,83.48,91.40,74.84,29
RPM00098646,2020-07-26,83.48,90.50,,29
RPM00098646,2020-07-27,82.58,,76.82,28
RPM00098646,2020-07-28,79.34,87.26,,26
RPM00098646,2020-07-29,82.22,87.44,76.28,28
RPM00098646,2020-07-30,84.20,89.60,78.26,29
RPM00098646,2020-07-31,81.86,,,28
RPM00098646,2020-08-01,79.70,87.80,,26
RPM00098646,2020-08-02,82.58,87.80,73.94,28
RPM00098646,2020-08-03,82.58,87.80,,28
RPM00098646,2020-08-04,83.48,88.88,,29
RPM00098646,2020-08-05,81.86,87.98,,28
RPM00098646,2020-08-06,82.40,90.14,75.74,28
RPM00098646,2020-08-07,82.40,88.34,76.82,28
RPM00098646,2020-08-08,83.48,,77.72,29
RPM00098646,2020-08-09,84.02,88.88,78.80,29
RPM00098646,2020-08-10,84.56,93.20,,29
RPM00098646,2020-08-11,83.84,90.68,,29
RPM00098646,2020-08-12,82.76,89.06,,28
RPM00098646,2020-08-13,79.52,,75.20,26
RPM00098646,2020-08-14,81.50,88.16,75.92,28
RPM00098646,2020-08-15,83.84,90.50,76.10,29
RPM00098646,2020-08-16,82.04,91.22,,28
RPM00098646,2020-08-17,81.50,89.96,,28
RPM00098646,2020-08-18,81.14,87.62,75.02,27
RPM00098646,2020-08-19,80.06,86.54,,27
RPM00098646,2020-08-20,80.60,87.80,75.20,27
RPM00098646,2020-08-21,83.84,,76.64,29
RPM00098646,2020-08-22,84.38,90.50,78.08,29
RPM00098646,2020-08-23,83.66,89.96,78.08,29
RPM00098646,2020-08-24,84.74,91.76,78.44,29
RPM00098646,2020-08-25,85.82,,79.16,30
RPM00098646,2020-08-26,85.64,,,30
RPM00098646,2020-08-27,84.02,,79.16,29
RPM00098646,2020-08-28,84.74,,79.52,29
RPM00098646,2020-08-29,85.82,92.12,80.42,30
RPM00098646,2020-08-30,84.38,90.32,,29
RPM00098646,2020-08-31,84.56,90.32,,29
RPM00098646,2020-09-01,84.56,93.92,,29
RPM00098646,2020-09-02,83.84,92.66,76.64,29
RPM00098646,2020-09-03,85.46,,78.08,30
RPM00098646,2020-09-04,85.46,,78.44,30
RPM00098646,2020-09-05,86.18,93.20,79.16,30
RPM00098646,2020-09-06,84.56,93.02,79.52,29
RPM00098646,2020-09-07,85.64,92.30,79.88,30
RPM00098646,2020-09-08,84.38,92.12,,29
RPM00098646,2020-09-09,83.84,91.40,74.48,29
RPM00098646,2020-09-10,79.88,86.00,,27
RPM00098646,2020-09-11,83.48,90.86,76.28,29
RPM00098646,2020-09-12,83.84,91.76,,29
RPM00098646,2020-09-13,84.38,92.30,77.36,29
RPM00098646,2020-09-14,81.68,88.88,75.38,28
RPM00098646,2020-09-15,80.96,87.08,75.92,27
RPM00098646,2020-09-16,81.86,85.28,75.92,28
RPM00098646,2020-09-17,78.08,85.28,,26
RPM00098646,2020-09-18,82.94,89.60,75.20,28
RPM00098646,2020-09-19,84.74,90.86,75.92,29
RPM00098646,2020-09-20,84.38,91.40,,29
RPM00098646,2020-09-21,82.22,,,28
RPM00098646,2020-09-22,80.96,88.70,,27
RPM00098646,2020-09-23,82.94,91.04,75.92,28
RPM00098646,2020-09-24,83.66,91.76,77.72,29
RPM00098646,2020-09-25,84.20,90.68,78.08,29
RPM00098646,2020-09-26,83.84,90.32,,29
RPM00098646,2020-09-27,84.20,90.50,77.18,29
RPM00098646,2020-09-28,82.94,,,28
RPM00098646,2020-09-29,81.86,,,28
RPM00098646,2020-09-30,83.66,90.50,76.28,29
RPM00098646,2020-10-01,84.56,93.20,78.08,29
RPM00098646,2020-10-02,80.78,87.62,,27
RPM00098646,2020-10-03,83.30,,,28
RPM00098646,2020-10-04,82.58,89.24,,28
RPM00098646,2020-10-05,83.48,,78.08,29
RPM00098646,2020-10-06,83.48,89.78,77.72,29
RPM00098646,2020-10-07,80.42,88.16,,27
RPM00098646,2020-10-08,81.14,88.52,,27
RPM00098646,2020-10-09,80.78,87.62,,27
RPM00098646,2020-10-10,82.04,89.78,75.74,28
RPM00098646,2020-10-11,80.78,,,27
RPM00098646,2020-10-12,82.58,89.78,75.20,28
RPM00098646,2020-10-13,81.50,,75.92,28
RPM00098646,2020-10-14,82.58,90.50,76.64,28
RPM00098646,2020-10-15,81.32,89.78,77.72,27
RPM00098646,2020-10-16,82.04,,77.54,28
RPM00098646,2020-10-17,81.14,89.60,,27
RPM00098646,2020-10-18,82.76,,75.02,28
RPM00098646,2020-10-19,81.68,,77.36,28
RPM00098646,2020-10-20,83.66,89.78,78.62,29
RPM00098646,2020-10-21,84.20,89.78,78.62,29
RPM00098646,2020-10-22,83.66,90.50,,29
RPM00098646,2020-10-23,81.32,,,27
RPM00098646,2020-10-24,83.30,90.68,76.64,28
RPM00098646,2020-10-25,80.24,,,27
RPM00098646,2020-10-26,80.96,85.46,75.38,27
RPM00098646,2020-10-27,81.68,,76.82,28
RPM00098646,2020-10-28,81.68,88.34,75.74,28
RPM00098646,2020-10-29,82.58,,75.92,28
RPM00098646,2020-10-30,83.48,89.78,77.36,29
RPM00098646,2020-10-31,82.58,,,28
RPM00098646,2020-11-01,82.76,,76.10,28
RPM00098646,2020-11-02,80.60,89.06,,27
RPM00098646,2020-11-03,83.12,89.78,75.56,28
RPM00098646,2020-11-04,82.94,90.14,77.00,28
RPM00098646,2020-11-05,80.60,86.18,,27
RPM00098646,2020-11-06,82.94,89.24,76.28,28
RPM00098646,2020-11-07,79.34,,,26
RPM00098646,2020-11-08,79.88,,,27
RPM00098646,2020-11-09,81.32,90.50,74.66,27
RPM00098646,2020-11-10,82.94,89.60,73.76,28
RPM00098646,2020-11-11,82.22,86.36,,28
RPM00098646,2020-11-12,82.40,89.60,76.46,28
RPM00098646,2020-11-13,84.02,90.50,77.36,29
RPM00098646,2020-11-14,84.38,90.32,,29
RPM00098646,2020-11-15,84.02,89.78,,29
RPM00098646,2020-11-16,84.20,,78.08,29
RPM00098646,2020-11-17,83.12,89.78,,28
RPM00098646,2020-11-18,82.76,90.14,,28
RPM00098646,2020-11-19,82.76,,76.46,28
RPM00098646,2020-11-20,84.38,90.68,76.64,29
RPM00098646,2020-11-21,83.66,88.88,78.80,29
RPM00098646,2020-11-22,84.56,,79.70,29
RPM00098646,2020-11-23,82.76,86.36,79.34,28
RPM00098646,2020-11-24,83.48,,77.72,29
RPM00098646,2020-11-25,82.04,89.96,,28
RPM00098646,2020-11-26,82.58,91.22,77.18,28
RPM00098646,2020-11-27,81.14,85.10,,27
RPM00098646,2020-11-28,82.58,88.70,77.00,28
RPM00098646,2020-11-29,82.94,,78.26,28
RPM00098646,2020-11-30,82.58,90.14,,28
RPM00098646,2020-12-01,82.22,,,28
RPM00098646,2020-12-02,80.24,88.88,,27
RPM00098646,2020-12-03,81.86,,77.36,28
RPM00098646,2020-12-04,81.50,89.24,,28
RPM00098646,2020-12-05,82.22,87.98,74.30,28
RPM00098646,2020-12-06,79.88,86.00,,27
RPM00098646,2020-12-07,81.50,87.98,,28
RPM00098646,2020-12-08,81.68,87.08,75.38,28
RPM00098646,2020-12-09,81.50,89.06,,28
RPM00098646,2020-12-10,81.86,89.24,,28
RPM00098646,2020-12-11,82.22,88.88,75.56,28
RPM00098646,2020-12-12,83.30,,,28
RPM00098646,2020-12-13,83.48,89.96,,29
RPM00098646,2020-12-14,81.50,89.42,,28
RPM00098646,2020-12-15,82.40,87.98,77.72,28
RPM00098646,2020-12-16,79.70,84.92,,26
RPM00098646,2020-12-17,80.78,87.98,75.74,27
RPM00098646,2020-12-18,78.44,,76.82,26
RPM00098646,2020-12-19,81.68,87.62,76.64,28
RPM00098646,2020-12-20,82.76,89.06,78.26,28
RPM00098646,2020-12-21,82.40,88.16,78.62,28
RPM00098646,2020-12-22,82.76,89.42,,28
RPM00098646,2020-12-23,82.58,88.16,,28
RPM00098646,2020-12-24,82.94,88.52,76.82,28
RPM00098646,2020-12-25,80.24,84.38,,27
RPM00098646,2020-12-26,80.96,88.34,,27
RPM00098646,2020-12-27,80.96,86.72,75.38,27
RPM00098646,2020-12-28,78.62,,,26
RPM00098646,2020-12-29,82.04,89.24,75.38,28
RPM00098646,2020-12-30,81.86,87.80,,28
RPM00098646,2020-12-31,81.68,86.54,,28
